<?xml version="1.0" encoding="UTF-8"?>
<beans xmlns="http://www.springframework.org/schema/beans"
	   xmlns:xsi="http://www.w3.org/2001/XMLSchema-instance"
	   xmlns:context="http://www.springframework.org/schema/context"
	   xmlns:util="http://www.springframework.org/schema/util"
	   xsi:schemaLocation="http://www.springframework.org/schema/beans http://www.springframework.org/schema/beans/spring-beans.xsd
		http://www.springframework.org/schema/context http://www.springframework.org/schema/context/spring-context.xsd
		http://www.springframework.org/schema/util http://www.springframework.org/schema/util/spring-util.xsd">

	<bean id="databaseTcpSocketServer" class="org.h2.tools.Server" factory-method="createTcpServer"
		  init-method="start" destroy-method="stop">
		<constructor-arg value="-tcp,-tcpAllowOthers,-tcpShutdownForce"/>
	</bean>

	<bean id="dataSource" class="org.springframework.jdbc.datasource.TransactionAwareDataSourceProxy">
		<constructor-arg>
			<bean class="org.apache.commons.dbcp2.BasicDataSource" lazy-init="true" depends-on="databaseTcpSocketServer">
				<property name="driverClassName" value="org.h2.Driver"/>
				<property name="url" value="jdbc:h2:tcp://localhost/mem:testDb"/>
				<property name="username" value="sa"/>
				<property name="password" value=""/>
			</bean>
		</constructor-arg>
	</bean>


	<bean class="be.mobyus.util.H2IsolationLevelInitializerBean" init-method="setIsolationLevelReadUncommited">
		<constructor-arg ref="dataSource"/>
	</bean>
</beans>