<?xml version="1.0" encoding="UTF-8"?>
<beans xmlns="http://www.springframework.org/schema/beans" xmlns:xsi="http://www.w3.org/2001/XMLSchema-instance"
	xmlns:tx="http://www.springframework.org/schema/tx"
	xsi:schemaLocation="
		http://www.springframework.org/schema/beans http://www.springframework.org/schema/beans/spring-beans.xsd
		http://www.springframework.org/schema/tx http://www.springframework.org/schema/tx/spring-tx.xsd">

	<tx:annotation-driven/>

	<bean id="transactionManager" class="org.springframework.orm.hibernate5.HibernateTransactionManager" lazy-init="true">
		<property name="sessionFactory" ref="sessionFactory" />
	</bean>

	<bean id="sessionFactory" class="org.springframework.orm.hibernate5.LocalSessionFactoryBean" scope="singleton">
		<property name="dataSource" ref="dataSource" />
		<property name="hibernateProperties">
			<props>
				<prop key="hibernate.cache.use_query_cache">true</prop>
				<prop key="hibernate.cache.region.factory_class">org.hibernate.cache.ehcache.SingletonEhCacheRegionFactory</prop>
				<prop key="hibernate.dialect">org.hibernate.dialect.H2Dialect</prop>
				<prop key="hibernate.query.substitutions">true 1,false 0</prop>
				<prop key="hibernate.max_fetch_depth">3</prop>
				<prop key="hibernate.jdbc.batch_size">10</prop>
				<prop key="hibernate.show_sql">false</prop>
				<prop key="hibernate.jdbc.fetch_size">100</prop>
				<prop key="hibernate.hbm2ddl.auto">create</prop>
			</props>
		</property>

		<property name="packagesToScan" value="be.mobyus"></property>
	<property name="mappingLocations">
			<list>
					<value>classpath:mappings/DemoMapping.hbm.xml</value>
			</list>
		</property>
	</bean>
</beans>
